End Pos,ID,Identifier,Length,Name,Sequence,Start Pos,TaxonomyID
26472,375e0f905c315e06a99c80b736c125d2,uniprot:P0DTC4,75,E,MYSFVSEETGTLIVNSVLLFLAFVVFLLVTLAILTALRLCAYCCNIVNVSLVKPSFYVYSRVKNLNSSRVPDLLV,26245,2697049
27191,1cd6abff79ad3633e17582eb0e576539,uniprot:P0DTC5,222,M,MADSNGTITVEELKKLLEQWNLVIGFLFLTWICLLQFAYANRNRFLYIIKLIFLWLLWPVTLACFVLAAVYRINWITGGIAIAMACLVGLMWLSYFIASFRLFARTRSMWSFNPETNILLNVPLHGTILTRPLLESELVIGAVILRGHLRIAGHHLGRCDIKDLPKEITVATSRTLSYYKLGASQRVAGDSGFAAYSRYRIGNYKLNTDHSSSSDNIALLVQ,26523,2697049
805,5c2c364f44079728c451280435c4236a,uniprot:P0DTD1-PRO_0000449619,180,NSP1,MESLVPGFNEKTHVQLSLPVLQVRDVLVRGFGDSVEEVLSEARQHLKDGTCGLVEVEKGVLPQLEQPYVFIKRSDARTAPHGHVMVELVAELEGIQYGRSGETLGVLVPHVGEIPVAYRKVLLRKNGNKGAGGHSYGADLKSFDLGDELGTDPYEDFQENWNTKHSSGVTRELMRELNGG,266,2697049
13484,63d2c81f37726f44c600eb5225676a66,uniprot:P0DTC1-PRO_0000449645,13,NSP11,SADAQSFLNGFAV,13442,2697049
13441,af0cec59296f3c845a7b04500cd6886b,uniprot:P0DTD1-PRO_0000449628,139,NSP10,AGNATEVPANSTVLSFCAFAVDAAKAYKDYLASGGQPITNCVKMLCTHTGTGQAITVTPEANMDQESFGGASCCLYCRCHIDHPNPKGFCDLKGKYVQIPTTCANDPVGFTLKNTVCTVCGMWKGYGCSCDQLREPMLQ,13025,2697049
16236,b88e641d00c17a3ce19cc9852c37717c,uniprot:P0DTD1-PRO_0000449629,932,NSP12,SADAQSFLNRVCGVSAARLTPCGTGTSTDVVYRAFDIYNDKVAGFAKFLKTNCCRFQEKDEDDNLIDSYFVVKRHTFSNYQHEETIYNLLKDCPAVAKHDFFKFRIDGDMVPHISRQRLTKYTMADLVYALRHFDEGNCDTLKEILVTYNCCDDDYFNKKDWYDFVENPDILRVYANLGERVRQALLKTVQFCDAMRNAGIVGVLTLDNQDLNGNWYDFGDFIQTTPGSGVPVVDSYYSLLMPILTLTRALTAESHVDTDLTKPYIKWDLLKYDFTEERLKLFDRYFKYWDQTYHPNCVNCLDDRCILHCANFNVLFSTVFPPTSFGPLVRKIFVDGVPFVVSTGYHFRELGVVHNQDVNLHSSRLSFKELLVYAADPAMHAASGNLLLDKRTTCFSVAALTNNVAFQTVKPGNFNKDFYDFAVSKGFFKEGSSVELKHFFFAQDGNAAISDYDYYRYNLPTMCDIRQLLFVVEVVDKYFDCYDGGCINANQVIVNNLDKSAGFPFNKWGKARLYYDSMSYEDQDALFAYTKRNVIPTITQMNLKYAISAKNRARTVAGVSICSTMTNRQFHQKLLKSIAATRGATVVIGTSKFYGGWHNMLKTVYSDVENPHLMGWDYPKCDRAMPNMLRIMASLVLARKHTTCCSLSHRFYRLANECAQVLSEMVMCGGSLYVKPGGTSSGDATTAYANSVFNICQAVTANVNALLSTDGNKIADKYVRNLQHRLYECLYRNRDVDTDFVNEFYAYLRKHFSMMILSDDAVVCFNSTYASQGLVASIKNFKSVLYYQNNVFMSEAKCWTETDLTKGPHEFCSQHTMLVKQGDDYVYLPYPDPSRILGAGCFVDDIVKTDGTLMIERFVSLAIDAYPLTKHPNQEYADVFHLYLQYIRKLHDELTGHMLDMYSVMLTNDNTSRYWEPEFYEAMYTPHTVLQ,13442,2697049
18039,a489cf148afc7205eec14549ffe4ebfd,uniprot:P0DTD1-PRO_0000449630,601,NSP13,AVGACVLCNSQTSLRCGACIRRPFLCCKCCYDHVISTSHKLVLSVNPYVCNAPGCDVTDVTQLYLGGMSYYCKSHKPPISFPLCANGQVFGLYKNTCVGSDNVTDFNAIATCDWTNAGDYILANTCTERLKLFAAETLKATEETFKLSYGIATVREVLSDRELHLSWEVGKPRPPLNRNYVFTGYRVTKNSKVQIGEYTFEKGDYGDAVVYRGTTTYKLNVGDYFVLTSHTVMPLSAPTLVPQEHYVRITGLYPTLNISDEFSSNVANYQKVGMQKYSTLQGPPGTGKSHFAIGLALYYPSARIVYTACSHAAVDALCEKALKYLPIDKCSRIIPARARVECFDKFKVNSTLEQYVFCTVNALPETTADIVVFDEISMATNYDLSVVNARLRAKHYVYIGDPAQLPAPRTLLTKGTLEPEYFNSVCRLMKTIGPDMFLGTCRRCPAEIVDTVSALVYDNKLKAHKDKSAQCFKMFYKGVITHDVSSAINRPQIGVVREFLTRNPAWRKAVFISPYNSQNAVASKILGLPTQTVDSSQGSEYDYVIFTQTTETAHSCNVNRFNVAITRAKVGILCIMSDRDLYDKLQFTSLEIPRRNVATLQ,16237,2697049
19620,96fda12ecf3dcfec082377cc27e80e55,uniprot:P0DTD1-PRO_0000449631,527,NSP14,AENVTGLFKDCSKVITGLHPTQAPTHLSVDTKFKTEGLCVDIPGIPKDMTYRRLISMMGFKMNYQVNGYPNMFITREEAIRHVRAWIGFDVEGCHATREAVGTNLPLQLGFSTGVNLVAVPTGYVDTPNNTDFSRVSAKPPPGDQFKHLIPLMYKGLPWNVVRIKIVQMLSDTLKNLSDRVVFVLWAHGFELTSMKYFVKIGPERTCCLCDRRATCFSTASDTYACWHHSIGFDYVYNPFMIDVQQWGFTGNLQSNHDLYCQVHGNAHVASCDAIMTRCLAVHECFVKRVDWTIEYPIIGDELKINAACRKVQHMVVKAALLADKFPVLHDIGNPKAIKCVPQADVEWKFYDAQPCSDKAYKIEELFYSYATHSDKFTDGVCLFWNCNVDRYPANSIVCRFDTRVLSNLNLPGCDGGSLYVNKHAFHTPAFDKSAFVNLKQLPFFYYSDSPCESHGKQVVSDIDYVPLKSATCITRCNLGGAVCRHHANEYRLYLDAYNMMISAGFSLWVYKQFDTYNLWNTFTRLQ,18040,2697049
4470,b6e8ea75d0679d091b1dc44cf395aaf4,uniprot:NSP5_C145A,307,NSP5_C145A,MSGFRKMAFPSGKVEGCMVQVTCGTTTLNGLWLDDVVYCPRHVICTSEDMLNPNYEDLLIRKSNHNFLVQAGNVQLRVIGHSMQNCVLKLKVDTANPKTPKYKFVRIQPGQTFSVLACYNGSPSGVYQCAMRPNFTIKGSFLNGSAGSVGFNIDYDCVSFCYMHHMELPTGVHAGTDLEGNFYGPFVDRQTAQAAGTDTTITVNVLAWLYAAVINGDRWFLNRFTTTLNDFNLVAMKYNYEPLTQDHVDILGPLSAQTGIAVLDMCASLKELLQNGMNGRTILGSALLEDEFTPFDVVRQCSGVTFQ,3550,2697049
11842,99424071c355c54269f6cd3522680033,uniprot:P0DTD1-PRO_0000449624,290,NSP6,SAVKRTIKGTHHWLLLTILTSLLVLVQSTQWSLFFFLYENAFLPFAMGIIAMSAFAMMFVKHKHAFLCLFLLPSLATVAYFNMVYMPASWVMRIMTWLDMVDTSLSGFKLKDCVMYASAVVLLILMTARTVYDDGARRVWTLMNVLTLVYKVYYGNALDQAISMWALIISVTSNYSGVVTTVMFLARGIVFMCVEYCPIFFITGNTLQCIMLVYCFLGYFCTCYFGLFCLLNRYFRLTLGVYDYLVSTQEFRYMNSQGLLPPKNSIDAFKLNIKLLGVGGKPCIKVATVQ,10973,2697049
10972,dc6436f559bc873ac013085f6e56d467,uniprot:P0DTD1-PRO_0000449623,306,NSP5,SGFRKMAFPSGKVEGCMVQVTCGTTTLNGLWLDDVVYCPRHVICTSEDMLNPNYEDLLIRKSNHNFLVQAGNVQLRVIGHSMQNCVLKLKVDTANPKTPKYKFVRIQPGQTFSVLACYNGSPSGVYQCAMRPNFTIKGSFLNGSCGSVGFNIDYDCVSFCYMHHMELPTGVHAGTDLEGNFYGPFVDRQTAQAAGTDTTITVNVLAWLYAAVINGDRWFLNRFTTTLNDFNLVAMKYNYEPLTQDHVDILGPLSAQTGIAVLDMCASLKELLQNGMNGRTILGSALLEDEFTPFDVVRQCSGVTFQ,10055,2697049
12091,173be79f5a6fd85a7edb5c75cdc41fa3,uniprot:P0DTD1-PRO_0000449625,83,NSP7,SKMSDVKCTSVVLLSVLQQLRVESSSKLWAQCVQLHNDILLAKDTTEAFEKMVSLLSVLLSMQGAVDINKLCEEMLDNRATLQ,11843,2697049
20658,d7d018de059ea6b8c092267ff6371d38,uniprot:P0DTD1-PRO_0000449632,346,NSP15,SLENVAFNVVNKGHFDGQQGEVPVSIINNTVYTKVDGVDVELFENKTTLPVNVAFELWAKRNIKPVPEVKILNNLGVDIAANTVIWDYKRDAPAHISTIGVCSMTDIAKKPTETICAPLTVFFDGRVDGQVDLFRNARNGVLITEGSVKGLQPSVGPKQASLNGVTLIGEAVKTQFNYYKKVDGVVQQLPETYFTQSRNLQEFKPRSQMEIDFLELAMDEFIERYKLEGYAFEHIVYGDFSHSQLGGLHLLIGLAKRFKESPFELEDFIPMDSTVKNYFITDAQTGSSKCVCSVIDLLLDDFVEIIKSQDLSVVSKVVKVTIDYTEISFMLWCKDGHVETFYPKLQ,19621,2697049
2719,073edb2349ddcd9a72ecd9f5c1dccdc4,uniprot:P0DTD1-PRO_0000449620,638,NSP2,AYTRYVDNNFCGPDGYPLECIKDLLARAGKASCTLSEQLDFIDTKRGVYCCREHEHEIAWYTERSEKSYELQTPFEIKLAKKFDTFNGECPNFVFPLNSIIKTIQPRVEKKKLDGFMGRIRSVYPVASPNECNQMCLSTLMKCDHCGETSWQTGDFVKATCEFCGTENLTKEGATTCGYLPQNAVVKIYCPACHNSEVGPEHSLAEYHNESGLKTILRKGGRTIAFGGCVFSYVGCHNKCAYWVPRASANIGCNHTGVVGEGSEGLNDNLLEILQKEKVNINIVGDFKLNEEIAIILASFSASTSAFVETVKGLDYKAFKQIVESCGNFKVTKGKAKKGAWNIGEQKSILSPLYAFASEAARVVRSIFSRTLETAQNSVRVLQKAAITILDGISQYSLRLIDAMMFTSDLATNNLVVMAYITGGVVQLTSQWLTNIFGTVYEKLKPVLDWLEEKFKEGVEFLRDGWEIVKFISTCACEIVGGQIVTCAKEIKESVQTFFKLVNKFLALCADSIIIGGAKLKALNLGETFVTHSKGLYRKCVKSREETGLLMPLKAPKEIIFLEGETLPTEVLTEEVVLKTGDLQPLEQPTSEAVEAPLVGTPVCINGLMLLEIKDTEKYCALAPNMMVTNNTFTLKGG,806,2697049
10054,6890e7e8e12f73c2dfdae6805ebc9c4f,uniprot:P0DTD1-PRO_0000449622,500,NSP4,KIVNNWLKQLIKVTLVFLFVAAIFYLITPVHVMSKHTDFSSEIIGYKAIDGGVTRDIASTDTCFANKHADFDTWFSQRGGSYTNDKACPLIAAVITREVGFVVPGLPGTILRTTNGDFLHFLPRVFSAVGNICYTPSKLIEYTDFATSACVLAAECTIFKDASGKPVPYCYDTNVLEGSVAYESLRPDTRYVLMDGSIIQFPNTYLEGSVRVVTTFDSEYCRHGTCERSEAGVCVSTSGRWVLNNDYYRSLPGVFCGVDAVNLLTNMFTPLIQPIGALDISASIVAGGIVAIVVTCLAYYFMRFRRAFGEYSHVVAFNTLLFLMSFTVLCLTPVYSFLPGVYSVIYLYLTFYLTNDVSFLAHIQWMVMFTPLVPFWITIAYIICISTKHFYWFFSNYLKRRVVFNGVSFSTFEEAALCTFLLNKEMYLKLRSDVLLPLTQYNRYLALYNKYKYFSGAMDTTSYREAACCHLAKALNDFSNSGSDVLYQPPQTSITSAVLQ,8555,2697049
25697,20cfd282d01dd605a02d3d084ce320e9,intact:EBI-25491308,57,ORF3B,MAYCWRCTSCCFSERFQNHNPQKEMATSTLQGCSLCLQLAVVVCNSLLTPFARCCWP,25524,2697049
27387,90b50e0be9abd893bd32b163d6933f0c,uniprot:P0DTC6,61,ORF6,MFHLVDFQVTIAEILLIIMRTFKVSIWNLDYIINLIIKNLSKSLTENKYSQLDEEQPMEID,27202,2697049
26220,f5c8b89ceac3f14e456577557df1ef40,uniprot:P0DTC3,275,ORF3A,MDLFMRIFTIGTVTLKQGEIKDATPSDFVRATATIPIQASLPFGWLIVGVALLAVFQSASKIITLKKRWQLALSKGVHFVCNLLLLFVTVYSHLLLVAAGLEAPFLYLYALVYFLQSINFVRIIMRLWLCWKCRSKNPLLYDANYFLCWHTNCYDYCIPYNSVTSSIVITSGDGTTSPISEHDYQIGGYTEKWESGVKDCVVLHSYFTSDYYQLYSTQLSTDTGVEHVTFFIYNKIVDEPEEHVQIHTIDGSSGVVNPVMEPIYDEPTTTTSVPL,25393,2697049
29674,06bfef85cf1319e805e05f5bee3ec601,uniprot:A0A663DJA2,38,ORF10,MGYINVFAFPFTIYSLLLCRMNSRNYIAQVDVVNFNLT,29558,2697049
12685,92ebecdcff1a59d6123f4e3133264695,uniprot:P0DTD1-PRO_0000449626,198,NSP8,AIASEFSSLPSYAAFATAQEAYEQAVANGDSEVVLKKLKKSLNVAKSEFDRDAAMQRKLEKMADQAMTQMYKQARSEDKRAKVTSAMQTMLFTMLRKLDNDALNNIINNARDGCVPLNIIPLTTAAKLMVVIPDYNTYKNTCDGTTFTYASALWEIQQVVDADSKIVQLSEISMDNSPNLAWPLIVTALRANSAVKLQ,12092,2697049
13024,8c32758bc2f4b49ed8c6dfe7caa7ea49,uniprot:P0DTD1-PRO_0000449627,113,NSP9,NNELSPVALRQMSCAAGTTQTACTDDNALAYYNTTKGGRFVLALLSDLQDLKWARFPKSDGTGTIYTELEPPCRFVTDTPKGPKVKYLYFIKGLNNLNRGMVLGSLAATVRLQ,12686,2697049
27759,f65213344e2e68de1cae4feb9c5e07b1,uniprot:P0DTC7,121,ORF7A,MKIILFLALITLATCELYHYQECVRGTTVLLKEPCSSGTYEGNSPFHPLADNKFALTCFSTQFAFACPDGVKHVYQLRARSVSPKLFIRQEEVQELYSPIFLIVAAIVFITLCFTLKRKTE,27394,2697049
28259,14d0b1a958f970cb18618c9aa65493fa,uniprot:P0DTC8,121,ORF8,MKFLVFLGIITTVAAFHQECSLQSCTQHQPYVVDDPCPIHFYSKWYIRVGARKSAPLIELCVDEAGSKSPIQYIDIGNYTVSCSPFTINCQEPKLGSLVVRCSFYEDFLEYHDVRVVLDFI,27894,2697049
28577,9b66a6405fa5218ae819a76293365391,uniprot:P0DTD2,97,ORF9B,MDPKISEMHPALRLVDPQIQLAVTRMENAVGRDQNNVGPKVYPIILRLGSPLSLNMARKTLNSLEDKAFQLTPIAVQMTKLATTEELPDEFVVVTVK,28284,2697049
28955,74fa328ac0995fdbe2a3a0b2c4389f59,uniprot:P0DTD3,73,ORF9C,MLQSCYNFLKEQHCQKASTQKGAEAAVKPLLVPHHVVATVQEIQLQAAVGELLLLEWLAMAVMLLLLCCCLTD,28734,2697049
29533,b100d0849c3e01fc6c75ead0e916ce0f,uniprot:P0DTC9,419,N,MSDNGPQNQRNAPRITFGGPSDSTGSNQNGERSGARSKQRRPQGLPNNTASWFTALTQHGKEDLKFPRGQGVPINTNSSPDDQIGYYRRATRRIRGGDGKMKDLSPRWYFYYLGTGPEAGLPYGANKDGIIWVATEGALNTPKDHIGTRNPANNAAIVLQLPQGTTLPKGFYAEGSRGGSQASSRSSSRSRNSSRNSTPGSSRGTSPARMAGNGGDAALALLLLDRLNQLESKMSGKGQQQQGQTVTKKSAAEASKKPRQKRTATKAYNVTQAFGRRGPEQTQGNFGDQELIRQGTDYKHWPQIAQFAPSASAFFGMSRIGMEVTPSGTWLTYTGAIKLDDKDPNFKDQVILLNKHIDAYKTFPPTEPKKDKKKKADETQALPQRQKKQQTVTLLPAADLDDFSKQLQQSMSSADSTQA,28274,2697049
25384,4c35f09aac2f7be4f3cffd30c6aecac8,uniprot:P0DTC2,1273,SPIKE,MFVFLVLLPLVSSQCVNLTTRTQLPPAYTNSFTRGVYYPDKVFRSSVLHSTQDLFLPFFSNVTWFHAIHVSGTNGTKRFDNPVLPFNDGVYFASTEKSNIIRGWIFGTTLDSKTQSLLIVNNATNVVIKVCEFQFCNDPFLGVYYHKNNKSWMESEFRVYSSANNCTFEYVSQPFLMDLEGKQGNFKNLREFVFKNIDGYFKIYSKHTPINLVRDLPQGFSALEPLVDLPIGINITRFQTLLALHRSYLTPGDSSSGWTAGAAAYYVGYLQPRTFLLKYNENGTITDAVDCALDPLSETKCTLKSFTVEKGIYQTSNFRVQPTESIVRFPNITNLCPFGEVFNATRFASVYAWNRKRISNCVADYSVLYNSASFSTFKCYGVSPTKLNDLCFTNVYADSFVIRGDEVRQIAPGQTGKIADYNYKLPDDFTGCVIAWNSNNLDSKVGGNYNYLYRLFRKSNLKPFERDISTEIYQAGSTPCNGVEGFNCYFPLQSYGFQPTNGVGYQPYRVVVLSFELLHAPATVCGPKKSTNLVKNKCVNFNFNGLTGTGVLTESNKKFLPFQQFGRDIADTTDAVRDPQTLEILDITPCSFGGVSVITPGTNTSNQVAVLYQDVNCTEVPVAIHADQLTPTWRVYSTGSNVFQTRAGCLIGAEHVNNSYECDIPIGAGICASYQTQTNSPRRARSVASQSIIAYTMSLGAENSVAYSNNSIAIPTNFTISVTTEILPVSMTKTSVDCTMYICGDSTECSNLLLQYGSFCTQLNRALTGIAVEQDKNTQEVFAQVKQIYKTPPIKDFGGFNFSQILPDPSKPSKRSFIEDLLFNKVTLADAGFIKQYGDCLGDIAARDLICAQKFNGLTVLPPLLTDEMIAQYTSALLAGTITSGWTFGAGAALQIPFAMQMAYRFNGIGVTQNVLYENQKLIANQFNSAIGKIQDSLSSTASALGKLQDVVNQNAQALNTLVKQLSSNFGAISSVLNDILSRLDKVEAEVQIDRLITGRLQSLQTYVTQQLIRAAEIRASANLAATKMSECVLGQSKRVDFCGKGYHLMSFPQSAPHGVVFLHVTYVPAQEKNFTTAPAICHDGKAHFPREGVFVSNGTHWFVTQRNFYEPQIITTDNTFVSGNCDVVIGIVNNTVYDPLQPELDSFKEELDKYFKNHTSPDVDLGDISGINASVVNIQKEIDRLNEVAKNLNESLIDLQELGKYEQYIKWPWYIWLGFIAGLIAIVMVTIMLCCMTSCCSCLKGCCSCGSCCKFDEDDSEPVLKGVKLHYT,21563,2697049
,uniprot:Q8IWA5,uniprot:Q8IWA5,,CTL2_HUMAN,,,9606
,uniprot:Q86VM9,uniprot:Q86VM9,,ZCH18_HUMAN,,,9606
,uniprot:Q6UX04,uniprot:Q6UX04,,CWC27_HUMAN,,,9606
,uniprot:P25440,uniprot:P25440,,BRD2_HUMAN,,,9606
,uniprot:Q9BSJ2,uniprot:Q9BSJ2,,GCP2_HUMAN,,,9606
,uniprot:Q9BQT8,uniprot:Q9BQT8,,ODC_HUMAN,,,9606
,uniprot:Q96HW7,uniprot:Q96HW7,,INT4_HUMAN,,,9606
,uniprot:Q96HR9,uniprot:Q96HR9,,REEP6_HUMAN,,,9606
,uniprot:Q96ER3,uniprot:Q96ER3,,SAAL1_HUMAN,,,9606
,uniprot:Q96D53,uniprot:Q96D53,,COQ8B_HUMAN,,,9606
,uniprot:Q96CW5,uniprot:Q96CW5,,GCP3_HUMAN,,,9606
,uniprot:Q8NEW0,uniprot:Q8NEW0,,ZNT7_HUMAN,,,9606
,uniprot:Q7L8L6,uniprot:Q7L8L6,,FAKD5_HUMAN,,,9606
,uniprot:Q6PML9,uniprot:Q6PML9,,ZNT9_HUMAN,,,9606
,uniprot:Q5JRX3,uniprot:Q5JRX3,,PREP_HUMAN,,,9606
,uniprot:Q4KMQ2,uniprot:Q4KMQ2,,ANO6_HUMAN,,,9606
,uniprot:Q10713,uniprot:Q10713,,MPPA_HUMAN,,,9606
,uniprot:Q00765,uniprot:Q00765,,REEP5_HUMAN,,,9606
,uniprot:P48556,uniprot:P48556,,PSMD8_HUMAN,,,9606
,uniprot:P38606,uniprot:P38606,,VATA_HUMAN,,,9606
,uniprot:P38435,uniprot:P38435,,VKGC_HUMAN,,,9606
,uniprot:P27105,uniprot:P27105,,STOM_HUMAN,,,9606
,uniprot:P13804,uniprot:P13804,,ETFA_HUMAN,,,9606
,uniprot:P11310,uniprot:P11310,,ACADM_HUMAN,,,9606
,uniprot:P05026,uniprot:P05026,,AT1B1_HUMAN,,,9606
,uniprot:O95070,uniprot:O95070,,YIF1A_HUMAN,,,9606
,uniprot:O75439,uniprot:O75439,,MPPB_HUMAN,,,9606
,uniprot:Q14181,uniprot:Q14181,,DPOA2_HUMAN,,,9606
,uniprot:P49643,uniprot:P49643,,PRI2_HUMAN,,,9606
,uniprot:P49642,uniprot:P49642,,PRI1_HUMAN,,,9606
,uniprot:P09884,uniprot:P09884,,DPOLA_HUMAN,,,9606
,uniprot:Q99959,uniprot:Q99959,,PKP2_HUMAN,,,9606
,uniprot:Q8NBJ5,uniprot:Q8NBJ5,,GT251_HUMAN,,,9606
,uniprot:O75347,uniprot:O75347,,TBCA,,,9606
,uniprot:Q9HAV7,uniprot:Q9HAV7,,GRPE1_HUMAN,,,9606
,uniprot:Q96CW1,uniprot:Q96CW1,,AP2M1_HUMAN,,,9606
,uniprot:Q969X5,uniprot:Q969X5,,ERGI1_HUMAN,,,9606
,uniprot:P55789,uniprot:P55789,,ALR_HUMAN,,,9606
,uniprot:O94973,uniprot:O94973,,AP2A2_HUMAN,,,9606
,uniprot:Q9HAU0,uniprot:Q9HAU0,,PKHA5_HUMAN,,,9606
,uniprot:Q9H2H8,uniprot:Q9H2H8,,PPIL3_HUMAN,,,9606
,uniprot:Q99081,uniprot:Q99081,,HTF4_HUMAN,,,9606
,uniprot:Q96IZ5,uniprot:Q96IZ5,,RBM41_HUMAN,,,9606
,uniprot:Q92615,uniprot:Q92615,,LAR4B_HUMAN,,,9606
,uniprot:Q8IWR0,uniprot:Q8IWR0,,Z3H7A_HUMAN,,,9606
,uniprot:Q70EL1,uniprot:Q70EL1,,UBP54_HUMAN,,,9606
,uniprot:Q6UUV7,uniprot:Q6UUV7,,CRTC3_HUMAN,,,9606
,uniprot:Q5VUA4,uniprot:Q5VUA4,,ZN318_HUMAN,,,9606
,uniprot:Q5T6F2,uniprot:Q5T6F2,,UBAP2_HUMAN,,,9606
,uniprot:Q5JSZ5,uniprot:Q5JSZ5,,PRC2B_HUMAN,,,9606
,uniprot:Q5EBL8,uniprot:Q5EBL8,,PDZ11_HUMAN,,,9606
,uniprot:Q2T9J0,uniprot:Q2T9J0,,TYSD1_HUMAN,,,9606
,uniprot:Q14157,uniprot:Q14157,,UBP2L_HUMAN,,,9606
,uniprot:Q13546,uniprot:Q13546,,RIPK1_HUMAN,,,9606
,uniprot:O95391,uniprot:O95391,,SLU7_HUMAN,,,9606
,uniprot:O75592,uniprot:O75592,,MYCB2_HUMAN,,,9606
,uniprot:O43823,uniprot:O43823,,AKAP8_HUMAN,,,9606
,uniprot:O14874,uniprot:O14874,,BCKD_HUMAN,,,9606
,uniprot:A3KN83,uniprot:A3KN83,,SBNO1_HUMAN,,,9606
,uniprot:P17612,uniprot:P17612,,KAPCA_HUMAN,,,9606
,uniprot:O14578,uniprot:O14578,,CTRO_HUMAN,,,9606
,uniprot:Q9Y2I6,uniprot:Q9Y2I6,,NINL_HUMAN,,,9606
,uniprot:Q9UJC3,uniprot:Q9UJC3,,HOOK1_HUMAN,,,9606
,uniprot:Q9UHD2,uniprot:Q9UHD2,,TBK1_HUMAN,,,9606
,uniprot:Q9BV73,uniprot:Q9BV73,,CP250_HUMAN,,,9606
,uniprot:Q9BV19,uniprot:Q9BV19,,CA050_HUMAN,,,9606
,uniprot:Q9BQS8,uniprot:Q9BQS8,,FYCO1_HUMAN,,,9606
,uniprot:Q9BQQ3,uniprot:Q9BQQ3,,GORS1_HUMAN,,,9606
,uniprot:Q99996,uniprot:Q99996,,AKAP9_HUMAN,,,9606
,uniprot:Q96SN8,uniprot:Q96SN8,,CK5P2_HUMAN,,,9606
,uniprot:Q96N16,uniprot:Q96N16,,JKIP1_HUMAN,,,9606
,uniprot:Q96CN9,uniprot:Q96CN9,,GCC1_HUMAN,,,9606
,uniprot:Q92995,uniprot:Q92995,,UBP13_HUMAN,,,9606
,uniprot:Q8TD10,uniprot:Q8TD10,,MIPO1_HUMAN,,,9606
,uniprot:Q8N8E3,uniprot:Q8N8E3,,CE112_HUMAN,,,9606
,uniprot:Q8N4C6,uniprot:Q8N4C6,,NIN_HUMAN,,,9606
,uniprot:Q8N3C7,uniprot:Q8N3C7,,CLIP4_HUMAN,,,9606
,uniprot:Q8IWJ2,uniprot:Q8IWJ2,,GCC2_HUMAN,,,9606
,uniprot:Q8IUD2,uniprot:Q8IUD2,,RB6I2_HUMAN,,,9606
,uniprot:Q7Z7A1,uniprot:Q7Z7A1,,CNTRL_HUMAN,,,9606
,uniprot:Q76N32,uniprot:Q76N32,,CEP68_HUMAN,,,9606
,uniprot:Q66GS9,uniprot:Q66GS9,,CP135_HUMAN,,,9606
,uniprot:Q5VU43,uniprot:Q5VU43,,MYOME_HUMAN,,,9606
,uniprot:Q5VT06,uniprot:Q5VT06,,CE350_HUMAN,,,9606
,uniprot:Q4V328,uniprot:Q4V328,,GRAP1_HUMAN,,,9606
,uniprot:Q14789,uniprot:Q14789,,GOGB1_HUMAN,,,9606
,uniprot:Q08379,uniprot:Q08379,,GOGA2_HUMAN,,,9606
,uniprot:Q08378,uniprot:Q08378,,GOGA3_HUMAN,,,9606
,uniprot:Q08117,uniprot:Q08117,,TLE5_HUMAN,,,9606
,uniprot:Q04726,uniprot:Q04726,,TLE3_HUMAN,,,9606
,uniprot:Q04724,uniprot:Q04724,,TLE1_HUMAN,,,9606
,uniprot:P49454,uniprot:P49454,,CENPF_HUMAN,,,9606
,uniprot:P35241,uniprot:P35241,,RADI_HUMAN,,,9606
,uniprot:P31323,uniprot:P31323,,KAP3_HUMAN,,,9606
,uniprot:P13861,uniprot:P13861,,KAP2_HUMAN,,,9606
,uniprot:O95684,uniprot:O95684,,FR1OP_HUMAN,,,9606
,uniprot:O95613,uniprot:O95613,,PCNT_HUMAN,,,9606
,uniprot:O75506,uniprot:O75506,,HSBP1_HUMAN,,,9606
,uniprot:A7MCY6,uniprot:A7MCY6,,TBKB1_HUMAN,,,9606
,uniprot:Q9NXA8,uniprot:Q9NXA8,,SIR5_HUMAN,,,9606
,uniprot:P12268,uniprot:P12268,,IMDH2_HUMAN,,,9606
,uniprot:P06280,uniprot:P06280,,AGAL_HUMAN,,,9606
,uniprot:P07203,uniprot:P07203,,GPX1_HUMAN,,,9606
,uniprot:Q9NXH9,uniprot:Q9NXH9,,TRM1_HUMAN,,,9606
,uniprot:Q9H7F0,uniprot:Q9H7F0,,AT133_HUMAN,,,9606
,uniprot:Q99720,uniprot:Q99720,,SGMR1_HUMAN,,,9606
,uniprot:Q15904,uniprot:Q15904,,VAS1_HUMAN,,,9606
,uniprot:O75964,uniprot:O75964,,ATP5L_HUMAN,,,9606
,uniprot:Q92769,uniprot:Q92769,,HDAC2,,,9606
,uniprot:Q8WVC6,uniprot:Q8WVC6,,DCAKD_HUMAN,,,9606
,uniprot:Q9NP72,uniprot:Q9NP72,,RAB18_HUMAN,,,9606
,uniprot:Q9H7Z7,uniprot:Q9H7Z7,,PGES2_HUMAN,,,9606
,uniprot:Q9BQE4,uniprot:Q9BQE4,,SELS_HUMAN,,,9606
,uniprot:Q96DA6,uniprot:Q96DA6,,TIM14_HUMAN,,,9606
,uniprot:Q96A26,uniprot:Q96A26,,F162A_HUMAN,,,9606
,uniprot:Q8WUY8,uniprot:Q8WUY8,,NAT14_HUMAN,,,9606
,uniprot:Q8WTV0,uniprot:Q8WTV0,,SCRB1_HUMAN,,,9606
,uniprot:Q8NBX0,uniprot:Q8NBX0,,SCPDL_HUMAN,,,9606
,uniprot:Q8N183,uniprot:Q8N183,,NDUF2_HUMAN,,,9606
,uniprot:Q7LGA3,uniprot:Q7LGA3,,HS2ST_HUMAN,,,9606
,uniprot:Q6ZRP7,uniprot:Q6ZRP7,,QSOX2_HUMAN,,,9606
,uniprot:Q5VT66,uniprot:Q5VT66,,MARC1_HUMAN,,,9606
,uniprot:Q5JTV8,uniprot:Q5JTV8,,TOIP1_HUMAN,,,9606
,uniprot:Q13724,uniprot:Q13724,,MOGS_HUMAN,,,9606
,uniprot:Q12907,uniprot:Q12907,,LMAN2_HUMAN,,,9606
,uniprot:P63218,uniprot:P63218,,GBG5_HUMAN,,,9606
,uniprot:P62873,uniprot:P62873,,GBB1_HUMAN,,,9606
,uniprot:P62820,uniprot:P62820,,RAB1A_HUMAN,,,9606
,uniprot:P61586,uniprot:P61586,,RHOA_HUMAN,,,9606
,uniprot:P61106,uniprot:P61106,,RAB14_HUMAN,,,9606
,uniprot:P61026,uniprot:P61026,,RAB10_HUMAN,,,9606
,uniprot:P61019,uniprot:P61019,,RAB2A_HUMAN,,,9606
,uniprot:P61006,uniprot:P61006,,RAB8A_HUMAN,,,9606
,uniprot:P51149,uniprot:P51149,,RAB7A_HUMAN,,,9606
,uniprot:P51148,uniprot:P51148,,RAB5C_HUMAN,,,9606
,uniprot:P21964,uniprot:P21964,,COMT_HUMAN,,,9606
,uniprot:P11233,uniprot:P11233,,RALA_HUMAN,,,9606
,uniprot:P00387,uniprot:P00387,,NB5R3_HUMAN,,,9606
,uniprot:O95573,uniprot:O95573,,ACSL3_HUMAN,,,9606
,uniprot:O43169,uniprot:O43169,,CYB5B_HUMAN,,,9606
,uniprot:O00116,uniprot:O00116,,ADAS_HUMAN,,,9606
,uniprot:Q9H4P4,uniprot:Q9H4P4,,RNF41_HUMAN,,,9606
,uniprot:P62330,uniprot:P62330,,ARF6_HUMAN,,,9606
,uniprot:P61970,uniprot:P61970,,NTF2_HUMAN,,,9606
,uniprot:Q6Y7W6,uniprot:Q6Y7W6,,GGYF2_HUMAN,,,9606
,uniprot:Q5T1M5,uniprot:Q5T1M5,,FKB15_HUMAN,,,9606
,uniprot:Q2M389,uniprot:Q2M389,,WASC4_HUMAN,,,9606
,uniprot:P52306,uniprot:P52306,,GDS1_HUMAN,,,9606
,uniprot:P16435,uniprot:P16435,,NCPR_HUMAN,,,9606
,uniprot:O60573,uniprot:O60573,,IF4E2_HUMAN,,,9606
,uniprot:O14975,uniprot:O14975,,S27A2_HUMAN,,,9606
,uniprot:Q9Y5J7,uniprot:Q9Y5J7,,TIM9_HUMAN,,,9606
,uniprot:Q9Y5J6,uniprot:Q9Y5J6,,T10B_HUMAN,,,9606
,uniprot:Q9NVH1,uniprot:Q9NVH1,,DJC11_HUMAN,,,9606
,uniprot:Q9BSF4,uniprot:Q9BSF4,,TIM29_HUMAN,,,9606
,uniprot:Q8TEM1,uniprot:Q8TEM1,,PO210_HUMAN,,,9606
,uniprot:Q2TAA5,uniprot:Q2TAA5,,ALG11_HUMAN,,,9606
,uniprot:P62072,uniprot:P62072,,TIM10_HUMAN,,,9606
,uniprot:P14735,uniprot:P14735,,IDE_HUMAN,,,9606
,uniprot:Q9UJZ1,uniprot:Q9UJZ1,,STML2,,,9606
,uniprot:Q9NZJ7,uniprot:Q9NZJ7,,MTCH1_HUMAN,,,9606
,uniprot:P78406,uniprot:P78406,,RAE1L_HUMAN,,,9606
,uniprot:P52948,uniprot:P52948,,NUP98_HUMAN,,,9606
,uniprot:Q9Y673,uniprot:Q9Y673,,ALG5_HUMAN,,,9606
,uniprot:Q9UH99,uniprot:Q9UH99,,SUN2_HUMAN,,,9606
,uniprot:Q9H270,uniprot:Q9H270,,VPS11_HUMAN,,,9606
,uniprot:Q96S66,uniprot:Q96S66,,CLCC1_HUMAN,,,9606
,uniprot:Q96JC1,uniprot:Q96JC1,,VPS39_HUMAN,,,9606
,uniprot:Q8N6S5,uniprot:Q8N6S5,,AR6P6_HUMAN,,,9606
,uniprot:Q8IWR1,uniprot:Q8IWR1,,TRI59_HUMAN,,,9606
,uniprot:P09601,uniprot:P09601,,HMOX1_HUMAN,,,9606
,uniprot:Q9C0D3,uniprot:Q9C0D3,,ZY11B_HUMAN,,,9606
,uniprot:Q15370,uniprot:Q15370,,ELOB_HUMAN,,,9606
,uniprot:Q15369,uniprot:Q15369,,ELOC_HUMAN,,,9606
,uniprot:P62877,uniprot:P62877,,RBX1_HUMAN,,,9606
,uniprot:Q9Y5J9,uniprot:Q9Y5J9,,TIM8B_HUMAN,,,9606
,uniprot:Q9BU02,uniprot:Q9BU02,,THTPA_HUMAN,,,9606
,uniprot:Q3KQU3,uniprot:Q3KQU3,,MA7D1_HUMAN,,,9606
,uniprot:Q13617,uniprot:Q13617,,CUL2_HUMAN,,,9606
,uniprot:P50897,uniprot:P50897,,PPT1_HUMAN,,,9606
,uniprot:Q9HD40,uniprot:Q9HD40,,SPCS_HUMAN,,,9606
,uniprot:Q9BSC4,uniprot:Q9BSC4,,NOL10_HUMAN,,,9606
,uniprot:Q92552,uniprot:Q92552,,RT27_HUMAN,,,9606
,uniprot:Q13868,uniprot:Q13868,,EXOS2_HUMAN,,,9606
,uniprot:P82675,uniprot:P82675,,RT05_HUMAN,,,9606
,uniprot:Q9Y399,uniprot:Q9Y399,,RT02_HUMAN,,,9606
,uniprot:Q9ULT8,uniprot:Q9ULT8,,HECD1_HUMAN,,,9606
,uniprot:Q9NY61,uniprot:Q9NY61,,AATF_HUMAN,,,9606
,uniprot:Q9NQT5,uniprot:Q9NQT5,,EXOS3_HUMAN,,,9606
,uniprot:Q9NQT4,uniprot:Q9NQT4,,EXOS5_HUMAN,,,9606
,uniprot:Q9H6F5,uniprot:Q9H6F5,,CCD86_HUMAN,,,9606
,uniprot:Q96I59,uniprot:Q96I59,,SYNM_HUMAN,,,9606
,uniprot:Q96B26,uniprot:Q96B26,,EXOS8_HUMAN,,,9606
,uniprot:Q8NEJ9,uniprot:Q8NEJ9,,NGDN_HUMAN,,,9606
,uniprot:Q7L2J0,uniprot:Q7L2J0,,MEPCE_HUMAN,,,9606
,uniprot:Q4G0J3,uniprot:Q4G0J3,,LARP7_HUMAN,,,9606
,uniprot:Q13206,uniprot:Q13206,,DDX10_HUMAN,,,9606
,uniprot:P82663,uniprot:P82663,,RT25_HUMAN,,,9606
,uniprot:P61011,uniprot:P61011,,SRP54_HUMAN,,,9606
,uniprot:P09132,uniprot:P09132,,SRP19_HUMAN,,,9606
,uniprot:O96028,uniprot:O96028,,NSD2_HUMAN,,,9606
,uniprot:O95260,uniprot:O95260,,ATE1_HUMAN,,,9606
,uniprot:O76094,uniprot:O76094,,SRP72_HUMAN,,,9606
,uniprot:O00566,uniprot:O00566,,MPP10_HUMAN,,,9606
,uniprot:P35556,uniprot:P35556,,FBN2_HUMAN,,,9606
,uniprot:Q9UBX5,uniprot:Q9UBX5,,FBLN5_HUMAN,,,9606
,uniprot:Q9NZL9,uniprot:Q9NZL9,,MAT2B_HUMAN,,,9606
,uniprot:Q9BVL2,uniprot:Q9BVL2,,NUP58_HUMAN,,,9606
,uniprot:Q99567,uniprot:Q99567,,NUP88_HUMAN,,,9606
,uniprot:Q96F45,uniprot:Q96F45,,ZN503_HUMAN,,,9606
,uniprot:Q8TD19,uniprot:Q8TD19,,NEK9_HUMAN,,,9606
,uniprot:Q8N0X7,uniprot:Q8N0X7,,SPART_HUMAN,,,9606
,uniprot:Q86YT6,uniprot:Q86YT6,,MIB1_HUMAN,,,9606
,uniprot:Q7Z3B4,uniprot:Q7Z3B4,,NUP54_HUMAN,,,9606
,uniprot:Q15056,uniprot:Q15056,,IF4H_HUMAN,,,9606
,uniprot:P61962,uniprot:P61962,,DCAF7_HUMAN,,,9606
,uniprot:P37198,uniprot:P37198,,NUP62_HUMAN,,,9606
,uniprot:P35658,uniprot:P35658,,NU214_HUMAN,,,9606
,uniprot:P35555,uniprot:P35555,,FBN1_HUMAN,,,9606
,uniprot:P13984,uniprot:P13984,,T2FB_HUMAN,,,9606
,uniprot:Q9NU22,uniprot:Q9NU22,,MDN1_HUMAN,,,9606
,uniprot:Q7Z4Q2,uniprot:Q7Z4Q2,,HEAT3_HUMAN,,,9606
,uniprot:Q96IV0,uniprot:Q96IV0,,NGLY1_HUMAN,,,9606
,uniprot:Q8N0Z8,uniprot:Q8N0Z8,,PUSL1_HUMAN,,,9606
,uniprot:Q96AY3,uniprot:Q96AY3,,FKB10_HUMAN,,,9606
,uniprot:Q13443,uniprot:Q13443,,ADAM9_HUMAN,,,9606
,uniprot:Q9Y680,uniprot:Q9Y680,,FKBP7_HUMAN,,,9606
,uniprot:Q9Y4L1,uniprot:Q9Y4L1,,HYOU1_HUMAN,,,9606
,uniprot:Q9UHI8,uniprot:Q9UHI8,,ATS1_HUMAN,,,9606
,uniprot:Q9P2E5,uniprot:Q9P2E5,,CHPF2_HUMAN,,,9606
,uniprot:Q9NYU1,uniprot:Q9NYU1,,UGGG2_HUMAN,,,9606
,uniprot:Q9NXK8,uniprot:Q9NXK8,,FXL12_HUMAN,,,9606
,uniprot:Q9H8W4,uniprot:Q9H8W4,,PKHF2_HUMAN,,,9606
,uniprot:Q9H4F8,uniprot:Q9H4F8,,SMOC1_HUMAN,,,9606
,uniprot:Q9H488,uniprot:Q9H488,,OFUT1_HUMAN,,,9606
,uniprot:Q9H173,uniprot:Q9H173,,SIL1_HUMAN,,,9606
,uniprot:Q9BZQ6,uniprot:Q9BZQ6,,EDEM3_HUMAN,,,9606
,uniprot:Q9BS26,uniprot:Q9BS26,,ERP44_HUMAN,,,9606
,uniprot:Q9BRN9,uniprot:Q9BRN9,,TM2D3_HUMAN,,,9606
,uniprot:Q99988,uniprot:Q99988,,GDF15_HUMAN,,,9606
,uniprot:Q99519,uniprot:Q99519,,NEUR1_HUMAN,,,9606
,uniprot:Q99470,uniprot:Q99470,,SDF2_HUMAN,,,9606
,uniprot:Q96MM7,uniprot:Q96MM7,,H6ST2_HUMAN,,,9606
,uniprot:Q96F46,uniprot:Q96F46,,I17RA_HUMAN,,,9606
,uniprot:Q96DZ1,uniprot:Q96DZ1,,ERLEC_HUMAN,,,9606
,uniprot:Q92820,uniprot:Q92820,,GGH_HUMAN,,,9606
,uniprot:Q8N766,uniprot:Q8N766,,EMC1_HUMAN,,,9606
,uniprot:Q8IZ52,uniprot:Q8IZ52,,CHSS2_HUMAN,,,9606
,uniprot:Q8IWF2,uniprot:Q8IWF2,,FXRD2_HUMAN,,,9606
,uniprot:Q8IV08,uniprot:Q8IV08,,PLD3_HUMAN,,,9606
,uniprot:Q86YB8,uniprot:Q86YB8,,ERO1B_HUMAN,,,9606
,uniprot:Q7Z4H8,uniprot:Q7Z4H8,,PLGT3_HUMAN,,,9606
,uniprot:Q6UW63,uniprot:Q6UW63,,PLGT2_HUMAN,,,9606
,uniprot:Q15818,uniprot:Q15818,,NPTX1_HUMAN,,,9606
,uniprot:Q13438,uniprot:Q13438,,OS9_HUMAN,,,9606
,uniprot:Q08431,uniprot:Q08431,,MFGM_HUMAN,,,9606
,uniprot:P61916,uniprot:P61916,,NPC2_HUMAN,,,9606
,uniprot:P58166,uniprot:P58166,,INHBE_HUMAN,,,9606
,uniprot:P29122,uniprot:P29122,,PCSK6_HUMAN,,,9606
,uniprot:P28300,uniprot:P28300,,LYOX_HUMAN,,,9606
,uniprot:P26358,uniprot:P26358,,DNMT1_HUMAN,,,9606
,uniprot:P15151,uniprot:P15151,,PVR_HUMAN,,,9606
,uniprot:P12109,uniprot:P12109,,CO6A1_HUMAN,,,9606
,uniprot:P0C7P0,uniprot:P0C7P0,,CISD3_HUMAN,,,9606
,uniprot:P05556,uniprot:P05556,,ITB1_HUMAN,,,9606
,uniprot:P00750,uniprot:P00750,,TPA_HUMAN,,,9606
,uniprot:O76061,uniprot:O76061,,STC2_HUMAN,,,9606
,uniprot:O14656,uniprot:O14656,,TOR1A_HUMAN,,,9606
,uniprot:O00469,uniprot:O00469,,PLOD2_HUMAN,,,9606
,uniprot:Q9UL15,uniprot:Q9UL15,,BAG5_HUMAN,,,9606
,uniprot:Q9UKA9,uniprot:Q9UKA9,,PTBP2_HUMAN,,,9606
,uniprot:Q9P0L2,uniprot:Q9P0L2,,MARK1_HUMAN,,,9606
,uniprot:Q9H773,uniprot:Q9H773,,DCTP1_HUMAN,,,9606
,uniprot:Q9H2P9,uniprot:Q9H2P9,,DPH5_HUMAN,,,9606
,uniprot:Q7KZI7,uniprot:Q7KZI7,,MARK2_HUMAN,,,9606
,uniprot:P27448,uniprot:P27448,,MARK3_HUMAN,,,9606
,uniprot:O94826,uniprot:O94826,,TOM70_HUMAN,,,9606
,uniprot:O75534,uniprot:O75534,,CSDE1_HUMAN,,,9606
,uniprot:O43633,uniprot:O43633,,CHM2A_HUMAN,,,9606
,uniprot:O14745,uniprot:O14745,,NHRF1_HUMAN,,,9606
,uniprot:Q9Y3A6,uniprot:Q9Y3A6,,TMED5_HUMAN,,,9606
,uniprot:Q2PZI1,uniprot:Q2PZI1,,D19L1_HUMAN,,,9606
,uniprot:Q96S52,uniprot:Q96S52,,PIGS_HUMAN,,,9606
,uniprot:Q9Y6M9,uniprot:Q9Y6M9,,NDUB9_HUMAN,,,9606
,uniprot:Q9Y375,uniprot:Q9Y375,,CIA30_HUMAN,,,9606
,uniprot:Q9Y276,uniprot:Q9Y276,,BCS1_HUMAN,,,9606
,uniprot:Q9NV92,uniprot:Q9NV92,,NFIP2_HUMAN,,,9606
,uniprot:Q9H845,uniprot:Q9H845,,ACAD9_HUMAN,,,9606
,uniprot:Q9H3K2,uniprot:Q9H3K2,,GHITM_HUMAN,,,9606
,uniprot:Q9GZU3,uniprot:Q9GZU3,,TM39B_HUMAN,,,9606
,uniprot:Q9BVK2,uniprot:Q9BVK2,,ALG8_HUMAN,,,9606
,uniprot:Q9BQ95,uniprot:Q9BQ95,,ECSIT_HUMAN,,,9606
,uniprot:Q96K12,uniprot:Q96K12,,FACR2_HUMAN,,,9606
,uniprot:Q8TEQ8,uniprot:Q8TEQ8,,PIGO_HUMAN,,,9606
,uniprot:Q86VR2,uniprot:Q86VR2,,RETR3_HUMAN,,,9606
,uniprot:Q86UT6,uniprot:Q86UT6,,NLRX1_HUMAN,,,9606
,uniprot:Q7Z2K6,uniprot:Q7Z2K6,,ERMP1_HUMAN,,,9606
,uniprot:Q6NXT6,uniprot:Q6NXT6,,TAPT1_HUMAN,,,9606
,uniprot:Q6NXT4,uniprot:Q6NXT4,,ZNT6_HUMAN,,,9606
,uniprot:Q5BJF2,uniprot:Q5BJF2,,SGMR2_HUMAN,,,9606
,uniprot:Q12770,uniprot:Q12770,,SCAP_HUMAN,,,9606
,uniprot:P55085,uniprot:P55085,,PAR2_HUMAN,,,9606
,uniprot:P33527,uniprot:P33527,,MRP1_HUMAN,,,9606
,uniprot:O76024,uniprot:O76024,,WFS1_HUMAN,,,9606
,uniprot:O43292,uniprot:O43292,,GPAA1_HUMAN,,,9606
,uniprot:O00124,uniprot:O00124,,UBXN8_HUMAN,,,9606
,uniprot:O60885,uniprot:O60885,,BRD4_HUMAN,,,9606
,uniprot:O00203,uniprot:O00203,,AP3B1_HUMAN,,,9606
,uniprot:Q9Y3U8,uniprot:Q9Y3U8,,RL36_HUMAN,,,9606
,uniprot:Q9NW13,uniprot:Q9NW13,,RBM28_HUMAN,,,9606
,uniprot:Q9NR30,uniprot:Q9NR30,,DDX21_HUMAN,,,9606
,uniprot:Q9UN86,uniprot:Q9UN86,,G3BP2_HUMAN,,,9606
,uniprot:Q9HCE1,uniprot:Q9HCE1,,MOV10_HUMAN,,,9606
,uniprot:Q92900,uniprot:Q92900,,RENT1_HUMAN,,,9606
,uniprot:Q8TAD8,uniprot:Q8TAD8,,SNIP1_HUMAN,,,9606
,uniprot:Q8NCA5,uniprot:Q8NCA5,,FA98A_HUMAN,,,9606
,uniprot:Q6PKG0,uniprot:Q6PKG0,,LARP1_HUMAN,,,9606
,uniprot:Q13310,uniprot:Q13310,,PABP4_HUMAN,,,9606
,uniprot:Q13283,uniprot:Q13283,,G3BP1_HUMAN,,,9606
,uniprot:P67870,uniprot:P67870,,CSK2B_HUMAN,,,9606
,uniprot:P19784,uniprot:P19784,,CSK22_HUMAN,,,9606
,uniprot:P11940,uniprot:P11940,,PABP1_HUMAN,,,9606
,uniprot:O43818,uniprot:O43818,,U3IP2_HUMAN,,,9606
,uniprot:Q9C0B5,uniprot:Q9C0B5,,ZDHC5_HUMAN,,,9606
,uniprot:Q7Z5G4,uniprot:Q7Z5G4,,GOGA7_HUMAN,,,9606
,uniprot:Q9Y6E2,uniprot:Q9Y6E2,,BZW2_HUMAN,,,9606
,uniprot:Q9Y312,uniprot:Q9Y312,,AAR2_HUMAN,,,9606
,uniprot:Q9ULX6,uniprot:Q9ULX6,,AKP8L_HUMAN,,,9606
,uniprot:Q9UDR5,uniprot:Q9UDR5,,AASS_HUMAN,,,9606
,uniprot:Q9UBU6,uniprot:Q9UBU6,,FA8A1_HUMAN,,,9606
,uniprot:Q9NQC3,uniprot:Q9NQC3,,RTN4_HUMAN,,,9606
,uniprot:Q9BW92,uniprot:Q9BW92,,SYTM_HUMAN,,,9606
